Index,Time,Dirty
1,4016.03,4
2,4017.12,232
3,4018.17,232
4,4019.22,232
5,4020.27,232
6,4021.31,232
7,4022.36,256
8,4023.41,256
9,4024.46,256
10,4025.51,256
11,4026.55,228
12,4027.60,256
13,4028.65,256
14,4029.70,256
15,4030.75,256
16,4031.80,244
17,4032.85,244
18,4033.90,244
19,4034.94,244
20,4036.00,244
21,4037.05,244
22,4038.10,244
23,4039.14,244
24,4040.19,244
25,4041.24,244
26,4042.30,244
27,4043.35,244
28,4044.40,244
29,4045.44,244
30,4046.50,224
31,4047.54,244
32,4048.59,244
33,4049.64,244
34,4050.69,244
35,4051.74,244
36,4052.79,248
37,4053.84,248
38,4054.89,248
39,4055.94,248
40,4057.00,244
41,4058.05,244
42,4059.10,244
43,4060.15,244
44,4061.19,244
45,4062.24,244
46,4063.29,244
47,4064.34,244
48,4065.38,244
49,4066.43,244
50,4067.48,244
51,4068.53,244
52,4069.58,244
53,4070.63,244
54,4071.67,20
55,4072.72,244
56,4073.77,244
57,4074.82,244
58,4075.87,244
59,4076.92,240
60,4077.96,244
61,4079.02,244
62,4080.07,244
63,4081.12,244
64,4082.17,244
65,4083.22,244
66,4084.27,244
67,4085.31,244
68,4086.36,244
69,4087.41,244
70,4088.46,244
71,4089.51,244
72,4090.55,244
73,4091.60,244
74,4092.65,244
75,4093.70,244
76,4094.75,244
77,4095.79,244
78,4096.84,244
79,4097.89,244
80,4098.94,244
81,4099.98,244
82,4101.04,244
83,4102.09,216
84,4103.16,244
85,4104.21,244
86,4105.26,244
87,4106.31,244
88,4107.36,236
89,4108.41,244
90,4109.46,244
91,4110.50,244
92,4111.55,244
93,4112.60,244
94,4113.64,244
95,4114.69,244
96,4115.74,244
97,4116.79,244
98,4117.84,244
99,4118.89,244
100,4119.93,244
101,4120.98,244
102,4122.04,244
103,4123.09,244
104,4124.14,244
105,4125.19,244
106,4126.24,244
107,4127.29,244
108,4128.33,240
109,4129.40,244
110,4130.44,244
111,4131.49,244
112,4132.54,216
113,4133.59,244
114,4134.64,244
115,4135.69,244
116,4136.74,244
117,4137.79,236
118,4138.83,256
119,4139.88,256
120,4140.93,256
121,4141.98,256
122,4143.04,244
123,4144.08,244
124,4145.15,244
125,4146.19,244
126,4147.24,244
127,4148.29,244
128,4149.34,244
129,4150.39,244
130,4151.44,244
131,4152.48,244
132,4153.56,256
133,4154.61,256
134,4155.66,256
135,4156.71,256
136,4157.75,256
137,4158.81,244
138,4159.86,244
139,4160.91,244
140,4161.96,244
141,4163.01,216
142,4164.06,244
143,4165.11,244
144,4166.16,244
145,4167.20,244
146,4168.25,240
147,4169.30,244
148,4170.35,244
149,4171.40,244
150,4172.45,244
151,4173.50,244
152,4174.54,244
153,4175.59,244
154,4176.64,244
155,4177.69,244
156,4178.74,244
157,4179.79,244
158,4180.84,244
159,4181.89,244
160,4182.93,244
161,4183.98,244
162,4185.04,244
163,4186.10,244
164,4187.15,244
165,4188.20,244
166,4189.27,244
167,4190.32,244
168,4191.36,244
169,4192.41,244
170,4193.46,232
171,4194.50,244
172,4195.55,244
173,4196.60,244
174,4197.65,244
175,4198.70,244
176,4199.75,244
177,4200.79,244
178,4201.84,244
179,4202.89,244
180,4203.94,244
181,4205.00,244
182,4206.05,244
183,4207.10,244
184,4208.15,244
185,4209.19,244
186,4210.24,244
187,4211.29,244
188,4212.34,244
189,4213.39,244
190,4214.43,232
191,4215.48,256
192,4216.53,256
193,4217.57,256
194,4218.62,256
195,4219.68,252
196,4220.72,252
197,4221.77,252
198,4222.82,252
199,4223.88,0
200,4224.95,244
201,4226.00,244
202,4227.07,244
203,4228.12,244
204,4229.17,244
205,4230.22,244
206,4231.27,244
207,4232.32,244
208,4233.36,244
209,4234.41,244
210,4235.46,244
211,4236.51,244
212,4237.55,244
213,4238.60,244
214,4239.65,244
215,4240.70,244
216,4241.74,244
217,4242.79,244
218,4243.84,244
219,4244.89,244
220,4245.94,244
221,4247.00,244
222,4248.05,244
223,4249.09,216
224,4250.14,244
225,4251.20,244
226,4252.24,244
227,4253.29,244
228,4254.34,244
229,4255.39,244
230,4256.44,244
231,4257.48,244
232,4258.53,244
233,4259.58,244
234,4260.63,244
235,4261.68,244
236,4262.73,244
237,4263.77,244
238,4264.82,244
239,4265.87,244
240,4266.92,244
241,4267.96,244
242,4269.02,244
243,4270.07,244
244,4271.12,244
245,4272.17,244
246,4273.22,244
247,4274.27,216
248,4275.32,244
249,4276.37,244
250,4277.42,244
251,4278.47,244
252,4279.52,216
253,4280.57,244
254,4281.61,244
255,4282.66,244
256,4283.71,244
257,4284.76,244
258,4285.81,244
259,4286.85,244
260,4287.90,244
261,4288.95,244
262,4290.01,244
263,4291.06,244
264,4292.10,244
265,4293.15,244
266,4294.20,244
267,4295.25,244
268,4296.30,244
269,4297.34,244
270,4298.39,244
271,4299.44,244
272,4300.48,256
273,4301.54,256
274,4302.58,256
275,4303.63,256
276,4304.68,4
277,4305.73,244
278,4306.78,244
279,4307.82,244
280,4308.87,244
281,4309.92,244
282,4310.97,244
283,4312.02,244
284,4313.08,244
285,4314.12,244
286,4315.17,244
287,4316.22,244
288,4317.27,244
289,4318.32,244
290,4319.36,244
291,4320.41,244
292,4321.46,244
293,4322.51,244
294,4323.56,244
295,4324.60,244
296,4325.66,244
297,4326.71,244
298,4327.76,244
299,4328.81,244
300,4329.85,244
301,4330.91,244
302,4331.96,244
303,4333.02,244
304,4334.07,244
305,4335.11,228
306,4336.16,244
307,4337.21,244
308,4338.26,244
309,4339.31,244
310,4340.36,244
311,4341.40,244
312,4342.45,244
313,4343.50,244
314,4344.55,244
315,4345.60,244
316,4346.65,244
317,4347.69,244
318,4348.74,244
319,4349.79,244
320,4350.85,244
321,4351.89,244
322,4352.94,244
323,4353.99,244
324,4355.06,244
325,4356.11,244
326,4357.15,244
327,4358.20,244
328,4359.25,244
329,4360.30,244
330,4361.35,244
331,4362.40,244
332,4363.45,244
333,4364.50,244
334,4365.55,216
335,4366.60,244
336,4367.65,244
337,4368.69,244
338,4369.74,244
339,4370.79,244
340,4371.84,244
341,4372.89,244
342,4373.93,244
343,4375.00,244
344,4376.05,244
345,4377.10,244
346,4378.15,244
347,4379.19,244
348,4380.24,244
349,4381.29,236
350,4382.34,256
351,4383.39,256
352,4384.43,256
353,4385.48,256
354,4386.53,244
355,4387.58,244
356,4388.63,244
357,4389.67,244
358,4390.72,0
359,4391.77,244
360,4392.82,244
361,4393.87,244
362,4394.91,244
363,4395.96,228
364,4397.02,256
365,4398.06,256
366,4399.11,256
367,4400.17,256
368,4401.21,244
369,4402.27,244
370,4403.31,244
371,4404.36,244
372,4405.41,244
373,4406.46,244
374,4407.51,244
375,4408.55,244
376,4409.60,244
377,4410.65,244
378,4411.72,244
379,4412.81,244
380,4413.86,244
381,4414.90,244
382,4415.95,244
383,4417.02,244
384,4418.06,244
385,4419.11,244
386,4420.16,244
387,4421.21,216
388,4422.26,244
389,4423.31,244
390,4424.36,244
391,4425.41,244
392,4426.46,240
393,4427.51,244
394,4428.55,244
395,4429.60,244
396,4430.65,244
397,4431.70,244
398,4432.75,244
399,4433.79,244
400,4434.84,244
401,4435.89,244
402,4436.94,244
403,4437.99,244
404,4439.04,244
405,4440.09,244
406,4441.14,244
407,4442.19,244
408,4443.23,244
409,4444.28,244
410,4445.33,244
411,4446.38,20
412,4447.43,244
413,4448.48,244
414,4449.53,244
415,4450.58,244
416,4451.63,216
417,4452.68,244
418,4453.73,244
419,4454.78,244
420,4455.82,244
421,4456.87,236
422,4457.92,256
423,4458.97,256
424,4460.03,256
425,4461.08,256
426,4462.12,244
427,4463.17,244
428,4464.22,244
429,4465.27,244
430,4466.32,244
431,4467.37,224
432,4468.41,260
433,4469.46,260
434,4470.51,260
435,4471.56,260
436,4472.60,260
437,4473.66,260
438,4474.71,260
439,4475.76,260
440,4476.80,260
441,4477.86,260
442,4478.91,260
443,4479.96,260
444,4481.02,260
445,4482.06,232
446,4483.11,260
447,4484.16,260
448,4485.21,260
449,4486.26,260
450,4487.31,244
451,4488.35,260
452,4489.40,260
453,4490.45,260
454,4491.50,260
455,4492.54,232
456,4493.59,256
457,4494.64,256
458,4495.69,256
459,4496.74,256
460,4497.80,244
461,4498.84,244
462,4499.89,244
463,4500.94,244
464,4501.99,244
465,4503.05,244
466,4504.10,244
467,4505.15,244
468,4506.19,244
469,4507.24,228
470,4508.29,244
471,4509.34,244
472,4510.38,244
473,4511.43,244
474,4512.48,216
475,4513.53,244
476,4514.58,244
477,4515.62,244
478,4516.67,244
479,4517.72,244
480,4518.76,244
481,4519.81,244
482,4520.86,244
483,4521.91,244
484,4522.97,244
485,4524.04,244
486,4525.08,244
487,4526.13,244
488,4527.18,244
489,4528.23,244
490,4529.27,244
491,4530.32,244
492,4531.37,244
493,4532.42,20
494,4533.48,244
495,4534.57,244
496,4535.62,244
497,4536.67,244
498,4537.72,216
499,4538.76,244
500,4539.81,244
501,4540.86,244
502,4541.91,244
503,4542.96,232
504,4544.02,256
505,4545.07,256
506,4546.12,256
507,4547.17,256
508,4548.22,244
509,4549.26,244
510,4550.31,244
511,4551.36,244
512,4552.41,244
513,4553.45,252
514,4554.50,280
515,4555.55,280
516,4556.60,280
517,4557.65,280
518,4558.69,260
519,4559.74,260
520,4560.79,260
521,4561.84,260
522,4562.89,232
523,4563.94,260
524,4565.01,260
525,4566.05,260
526,4567.10,260
527,4568.15,236
528,4569.20,260
529,4570.24,260
530,4571.29,260
531,4572.34,260
532,4573.39,232
533,4574.44,260
534,4575.53,260
535,4576.64,260
536,4577.69,260
537,4578.74,260
538,4579.78,260
539,4580.83,260
540,4581.88,260
541,4582.93,260
542,4583.98,260
543,4585.03,260
544,4586.08,260
545,4587.13,260
546,4588.18,260
547,4589.23,260
548,4590.28,260
549,4591.32,260
550,4592.37,260
551,4593.43,228
552,4594.49,260
553,4595.53,260
554,4596.58,260
555,4597.63,260
556,4598.68,244
557,4599.73,260
558,4600.77,260
559,4601.82,260
560,4602.87,260
561,4603.91,248
562,4604.96,276
563,4606.02,276
564,4607.07,276
565,4608.11,276
566,4609.16,260
567,4610.21,260
568,4611.26,260
569,4612.31,260
570,4613.36,260
571,4614.40,264
572,4615.45,264
573,4616.50,264
574,4617.55,264
575,4618.60,236
576,4619.65,260
577,4620.70,260
578,4621.75,260
579,4622.79,260
580,4623.84,248
581,4624.89,260
582,4625.94,260
583,4626.98,260
584,4628.04,260
585,4629.09,224
586,4630.14,280
587,4631.18,280
588,4632.23,280
589,4633.28,280
590,4634.33,248
591,4635.38,260
592,4636.43,260
593,4637.47,260
594,4638.52,260
595,4639.57,260
596,4640.61,260
597,4641.66,260
598,4642.71,260
599,4643.76,260
600,4644.81,260
601,4645.88,260
602,4646.92,260
603,4647.97,260
604,4649.03,8
605,4650.08,260
606,4651.12,260
607,4652.17,260
608,4653.22,260
609,4654.27,232
610,4655.32,260
611,4656.37,260
612,4657.41,260
613,4658.46,260
614,4659.51,244
615,4660.55,244
616,4661.60,244
617,4662.65,244
618,4663.70,244
619,4664.75,244
620,4665.79,244
621,4666.84,244
622,4667.89,244
623,4668.94,244
624,4669.99,244
625,4671.05,244
626,4672.09,244
627,4673.14,244
628,4674.19,244
629,4675.24,244
630,4676.28,244
631,4677.33,244
632,4678.38,244
633,4679.43,0
634,4680.48,240
635,4681.53,244
636,4682.58,244
637,4683.63,244
638,4684.67,216
639,4685.72,244
640,4686.77,244
641,4687.82,244
642,4688.87,244
643,4689.91,244
644,4690.96,244
645,4692.02,244
646,4693.09,244
647,4694.14,244
648,4695.19,244
649,4696.24,244
650,4697.29,244
651,4698.33,244
652,4699.38,244
653,4700.43,244
654,4701.48,244
655,4702.52,244
656,4703.57,244
657,4704.62,244
658,4705.67,244
659,4706.72,244
660,4707.77,244
661,4708.81,244
662,4709.86,228
663,4710.91,244
664,4711.96,244
665,4713.02,244
666,4714.06,244
667,4715.11,216
668,4716.16,244
669,4717.21,244
670,4718.26,244
671,4719.31,244
672,4720.36,244
673,4721.40,244
674,4722.45,244
675,4723.50,244
676,4724.55,244
677,4725.60,244
678,4726.65,244
679,4727.70,244
680,4728.75,244
681,4729.79,244
682,4730.84,244
683,4731.89,244
684,4732.94,244
685,4733.99,244
686,4735.04,244
687,4736.10,244
688,4737.15,244
689,4738.20,244
690,4739.25,244
691,4740.30,232
692,4741.35,244
693,4742.40,244
694,4743.45,244
695,4744.50,244
696,4745.54,244
697,4746.59,244
698,4747.64,244
699,4748.69,244
700,4749.74,244
701,4750.79,244
702,4751.83,244
703,4752.88,244
704,4753.93,244
705,4754.98,244
706,4756.04,244
707,4757.08,244
708,4758.13,244
709,4759.18,244
710,4760.23,244
711,4761.28,244
712,4762.33,244
713,4763.37,244
714,4764.42,244
715,4765.47,244
716,4766.52,236
717,4767.58,256
718,4768.62,256
719,4769.67,256
720,4770.72,228
721,4771.77,244
722,4772.82,244
723,4773.88,244
724,4774.93,244
725,4775.98,244
726,4777.03,244
727,4778.08,244
728,4779.13,244
729,4780.18,244
730,4781.22,244
731,4782.27,244
732,4783.32,244
733,4784.37,244
734,4785.42,244
735,4786.46,244
736,4787.51,244
737,4788.56,244
738,4789.61,244
739,4790.66,20
740,4791.71,244
741,4792.76,244
742,4793.81,244
743,4794.86,244
744,4795.91,224
745,4796.96,252
746,4798.02,252
747,4799.06,252
748,4800.11,252
749,4801.16,236
750,4802.21,256
751,4803.26,256
752,4804.30,256
753,4805.35,256
754,4806.40,244
755,4807.45,244
756,4808.50,244
757,4809.54,244
758,4810.59,244
759,4811.64,244
760,4812.69,244
761,4813.73,244
762,4814.78,244
763,4815.84,244
764,4816.89,244
765,4817.94,244
766,4818.98,244
767,4820.04,244
768,4821.09,228
769,4822.14,244
770,4823.19,244
771,4824.23,244
772,4825.28,244
773,4826.33,216
774,4827.38,244
775,4828.43,244
776,4829.47,244
777,4830.52,244
778,4831.57,244
779,4832.62,244
780,4833.67,244
781,4834.71,244
782,4835.76,244
783,4836.81,244
784,4837.86,244
785,4838.90,244
786,4839.95,244
787,4841.00,244
788,4842.06,244
789,4843.11,244
790,4844.15,244
791,4845.20,244
792,4846.25,20
793,4847.31,244
794,4848.36,244
795,4849.41,244
796,4850.45,244
797,4851.50,236
798,4852.55,244
799,4853.60,244
800,4854.65,244
801,4855.70,244
802,4856.75,244
803,4857.79,244
804,4858.84,244
805,4859.89,244
806,4860.94,244
807,4862.00,244
808,4863.04,244
809,4864.09,244
810,4865.14,244
811,4866.19,244
812,4867.24,244
813,4868.29,244
814,4869.33,244
815,4870.38,244
816,4871.43,244
817,4872.48,256
818,4873.52,256
819,4874.57,256
820,4875.62,256
821,4876.67,4
822,4877.72,244
823,4878.76,244
824,4879.81,244
825,4880.86,244
826,4881.91,228
827,4882.95,244
828,4884.01,244
829,4885.06,244
830,4886.11,244
831,4887.16,232
832,4888.20,256
833,4889.25,256
834,4890.30,256
835,4891.35,256
836,4892.40,244
837,4893.45,244
838,4894.50,244
839,4895.55,244
840,4896.59,244
841,4897.64,244
842,4898.69,244
843,4899.74,244
844,4900.79,244
845,4901.83,244
846,4902.90,244
847,4903.95,244
848,4905.00,244
849,4906.05,244
850,4907.10,224
851,4908.14,244
852,4909.19,244
853,4910.24,244
854,4911.28,244
855,4912.33,216
856,4913.38,244
857,4914.43,244
858,4915.47,244
859,4916.53,244
860,4917.58,244
861,4918.62,244
862,4919.67,244
863,4920.72,244
864,4921.77,244
865,4922.82,244
866,4923.86,244
867,4924.91,244
868,4925.96,244
869,4927.02,244
870,4928.06,244
871,4929.11,244
872,4930.16,244
873,4931.21,244
874,4932.26,20
875,4933.33,244
876,4934.38,244
877,4935.43,244
878,4936.48,244
879,4937.52,216
880,4938.57,244
881,4939.62,244
882,4940.67,244
883,4941.72,244
884,4942.77,244
885,4943.81,244
886,4944.86,244
887,4945.91,244
888,4946.96,244
889,4948.01,244
890,4949.06,244
891,4950.11,244
892,4951.16,244
893,4952.20,244
894,4953.25,240
895,4954.30,244
896,4955.35,244
897,4956.39,244
898,4957.44,244
899,4958.49,244
900,4959.53,244
901,4960.58,244
902,4961.63,244
903,4962.68,20
904,4963.72,244
905,4964.78,244
906,4965.83,244
907,4966.88,244
908,4967.93,216
909,4968.97,244
910,4970.03,244
911,4971.08,244
912,4972.13,244
913,4973.18,244
914,4974.22,244
915,4975.27,244
916,4976.32,244
917,4977.37,244
918,4978.42,244
919,4979.46,244
920,4980.51,244
921,4981.56,244
922,4982.61,244
923,4983.66,244
924,4984.70,244
925,4985.75,244
926,4986.80,244
927,4987.85,244
928,4988.90,244
929,4989.96,244
930,4991.02,244
931,4992.07,244
932,4993.12,20
933,4994.17,244
934,4995.22,244
935,4996.26,244
936,4997.31,244
937,4998.36,232
938,4999.41,244
939,5000.45,244
940,5001.50,244
941,5002.55,244
942,5003.60,244
943,5004.65,244
944,5005.70,244
945,5006.74,244
946,5007.79,244
947,5008.84,244
948,5009.89,244
949,5010.94,244
950,5012.00,244
951,5013.04,244
952,5014.09,244
953,5015.14,244
954,5016.19,244
955,5017.24,244
956,5018.29,244
957,5019.33,244
958,5020.38,244
959,5021.43,244
960,5022.47,244
961,5023.52,244
962,5024.58,244
963,5025.63,244
964,5026.67,244
965,5027.72,244
966,5028.77,224
967,5029.82,244
968,5030.87,244
969,5031.92,244
970,5032.97,244
971,5034.03,244
972,5035.08,244
973,5036.12,244
974,5037.17,244
975,5038.22,244
976,5039.27,244
977,5040.32,244
978,5041.37,244
979,5042.42,244
980,5043.47,244
981,5044.51,244
982,5045.56,244
983,5046.61,244
984,5047.66,244
985,5048.71,244
986,5049.75,244
987,5050.80,244
988,5051.85,244
989,5052.90,244
990,5053.95,244
991,5055.01,244
992,5056.05,244
993,5057.10,244
994,5058.15,244
995,5059.20,216
996,5060.25,244
997,5061.30,244
998,5062.34,244
999,5063.39,244
1000,5064.45,240
1001,5065.50,244
1002,5066.55,244
1003,5067.59,244
1004,5068.64,244
1005,5069.69,244
1006,5070.74,244
1007,5071.78,244
1008,5072.83,244
1009,5073.88,244
1010,5074.93,244
1011,5075.97,244
1012,5077.03,244
1013,5078.08,244
1014,5079.13,244
1015,5080.18,244
1016,5081.22,244
1017,5082.27,244
1018,5083.32,244
1019,5084.36,20
1020,5085.41,244
1021,5086.46,244
1022,5087.51,244
1023,5088.56,244
1024,5089.62,228
1025,5090.67,240
1026,5091.71,244
1027,5092.76,244
1028,5093.81,244
1029,5094.86,244
1030,5095.91,244
1031,5096.96,244
1032,5098.02,244
1033,5099.06,244
1034,5100.11,244
1035,5101.16,244
1036,5102.20,244
1037,5103.25,244
1038,5104.30,244
1039,5105.35,244
1040,5106.40,244
1041,5107.44,244
1042,5108.49,244
1043,5109.54,244
1044,5110.59,244
1045,5111.63,244
1046,5112.68,244
1047,5113.73,244
1048,5114.79,244
1049,5115.83,244
1050,5116.88,244
1051,5117.95,244
1052,5119.00,244
1053,5120.05,240
1054,5121.10,244
1055,5122.15,244
1056,5123.20,244
1057,5124.25,244
1058,5125.29,244
1059,5126.34,244
1060,5127.39,244
1061,5128.44,244
1062,5129.48,244
1063,5130.53,244
1064,5131.58,244
1065,5132.63,244
1066,5133.67,244
1067,5134.72,244
1068,5135.77,244
1069,5136.82,244
1070,5137.87,244
1071,5138.91,244
1072,5139.97,20
1073,5141.03,244
1074,5142.08,244
1075,5143.12,244
1076,5144.17,244
1077,5145.22,224
1078,5146.27,244
1079,5147.32,244
1080,5148.38,244
1081,5149.43,244
1082,5150.48,244
1083,5151.52,244
1084,5152.57,244
1085,5153.62,244
1086,5154.67,244
1087,5155.72,244
1088,5156.77,244
1089,5157.81,244
1090,5158.86,244
1091,5159.91,244
1092,5160.96,244
1093,5162.01,244
1094,5163.06,244
1095,5164.11,244
1096,5165.16,244
1097,5166.21,244
1098,5167.26,244
1099,5168.30,244
1100,5169.35,244
1101,5170.40,20
1102,5171.45,244
1103,5172.50,244
1104,5173.56,244
1105,5174.60,244
1106,5175.65,228
1107,5176.70,232
1108,5177.75,256
1109,5178.79,256
1110,5179.84,256
1111,5180.89,228
1112,5181.94,256
1113,5182.99,256
1114,5184.05,256
1115,5185.09,256
1116,5186.14,244
1117,5187.19,244
1118,5188.24,244
1119,5189.29,244
1120,5190.34,244
1121,5191.39,256
1122,5192.43,256
1123,5193.48,256
1124,5194.53,256
1125,5195.58,256
1126,5196.63,244
1127,5197.67,244
1128,5198.72,244
1129,5199.77,244
1130,5200.82,244
1131,5201.87,244
1132,5202.92,244
1133,5203.96,244
1134,5205.02,244
1135,5206.07,216
1136,5207.12,244
1137,5208.17,244
1138,5209.21,244
1139,5210.26,244
1140,5211.31,244
1141,5212.36,244
1142,5213.42,244
1143,5214.46,244
1144,5215.51,244
1145,5216.56,244
1146,5217.61,244
1147,5218.65,244
1148,5219.70,244
1149,5220.75,244
1150,5221.80,244
1151,5222.85,244
1152,5223.89,244
1153,5224.94,244
1154,5226.00,244
1155,5227.05,244
1156,5228.10,244
1157,5229.15,244
1158,5230.20,244
1159,5231.24,188
1160,5232.30,244
1161,5233.35,244
1162,5234.39,244
1163,5235.44,244
1164,5236.49,232
1165,5237.54,244
1166,5238.59,244
1167,5239.64,244
1168,5240.69,244
1169,5241.73,216
1170,5242.78,244
1171,5243.83,244
1172,5244.87,244
1173,5245.94,244
1174,5246.98,244
1175,5248.04,244
1176,5249.09,244
1177,5250.13,244
1178,5251.18,244
1179,5252.23,236
1180,5253.28,256
1181,5254.33,256
1182,5255.38,256
1183,5256.42,256
1184,5257.47,244
1185,5258.52,244
1186,5259.57,244
1187,5260.61,244
1188,5261.66,244
1189,5262.73,252
1190,5263.78,252
1191,5264.82,252
1192,5265.87,252
1193,5266.92,228
1194,5267.97,244
1195,5269.02,244
1196,5270.07,244
1197,5271.12,244
1198,5272.17,244
1199,5273.21,244
1200,5274.26,244
1201,5275.31,244
1202,5276.36,244
1203,5277.40,244
1204,5278.45,244
1205,5279.50,244
1206,5280.55,244
1207,5281.60,244
1208,5282.64,244
1209,5283.69,244
1210,5284.74,244
1211,5285.79,244
1212,5286.83,244
1213,5287.89,244
1214,5288.94,244
1215,5289.98,244
1216,5291.04,244
1217,5292.09,188
1218,5293.14,244
1219,5294.19,244
1220,5295.24,244
1221,5296.28,244
1222,5297.33,216
1223,5298.38,244
1224,5299.43,244
1225,5300.47,244
1226,5301.53,244
1227,5302.57,244
1228,5303.62,244
1229,5304.67,244
1230,5305.72,244
1231,5306.77,244
1232,5307.81,244
1233,5308.86,244
1234,5309.91,244
1235,5310.96,244
1236,5312.01,244
1237,5313.07,240
1238,5314.12,244
1239,5315.19,244
1240,5316.24,244
1241,5317.29,244
1242,5318.34,244
1243,5319.38,244
1244,5320.43,244
1245,5321.48,244
1246,5322.53,8
1247,5323.58,236
1248,5324.63,256
1249,5325.67,256
1250,5326.72,256
1251,5327.77,228
1252,5328.82,256
1253,5329.86,256
1254,5330.91,256
1255,5331.96,256
1256,5333.02,244
1257,5334.06,244
1258,5335.11,244
1259,5336.16,244
1260,5337.21,244
1261,5338.26,232
1262,5339.31,256
1263,5340.35,256
1264,5341.40,256
1265,5342.45,256
1266,5343.50,244
1267,5344.55,244
1268,5345.59,244
1269,5346.64,244
1270,5347.69,244
1271,5348.74,244
1272,5349.78,244
1273,5350.83,244
1274,5351.88,244
1275,5352.93,244
1276,5354.00,244
1277,5355.04,244
1278,5356.10,244
1279,5357.14,244
1280,5358.19,232
1281,5359.24,244
1282,5360.29,244
1283,5361.34,244
1284,5362.39,244
1285,5363.44,244
1286,5364.49,244
1287,5365.53,244
1288,5366.58,244
1289,5367.63,244
1290,5368.68,244
1291,5369.73,244
1292,5370.77,244
1293,5371.82,244
1294,5372.87,244
1295,5373.93,244
1296,5374.99,244
1297,5376.04,244
1298,5377.09,244
1299,5378.13,244
1300,5379.18,244
1301,5380.23,244
1302,5381.27,244
1303,5382.32,244
1304,5383.37,224
1305,5384.42,244
1306,5385.47,244
1307,5386.52,244
1308,5387.57,244
1309,5388.62,216
1310,5389.67,244
1311,5390.72,244
1312,5391.77,244
1313,5392.81,244
1314,5393.86,240
1315,5394.91,244
1316,5395.96,244
1317,5397.01,244
1318,5398.06,244
1319,5399.11,244
1320,5400.16,244
1321,5401.20,244
1322,5402.25,244
1323,5403.30,244
1324,5404.34,244
1325,5405.39,244
1326,5406.44,244
1327,5407.49,244
1328,5408.53,244
1329,5409.58,244
1330,5410.63,244
1331,5411.68,244
1332,5412.73,244
1333,5413.78,0
1334,5414.83,244
1335,5415.87,244
1336,5416.92,244
1337,5417.98,244
1338,5419.02,240
1339,5420.07,244
1340,5421.12,244
1341,5422.17,244
1342,5423.22,244
1343,5424.27,244
1344,5425.31,244
1345,5426.36,244
1346,5427.41,244
1347,5428.46,244
1348,5429.50,244
1349,5430.55,244
1350,5431.60,244
1351,5432.65,244
1352,5433.69,244
1353,5434.74,244
1354,5435.79,244
1355,5436.84,244
1356,5437.89,244
1357,5438.94,56
1358,5440.00,244
1359,5441.05,244
1360,5442.10,244
1361,5443.15,244
1362,5444.19,216
1363,5445.24,244
1364,5446.29,244
1365,5447.34,244
1366,5448.39,244
1367,5449.45,244
1368,5450.50,244
1369,5451.54,244
1370,5452.59,244
1371,5453.64,244
1372,5454.69,244
1373,5455.73,244
1374,5456.78,244
1375,5457.83,244
1376,5458.88,244
1377,5459.93,244
1378,5461.01,244
1379,5462.06,244
1380,5463.10,244
1381,5464.15,0
1382,5465.20,244
1383,5466.25,244
1384,5467.29,244
1385,5468.34,244
1386,5469.39,236
1387,5470.43,244
1388,5471.48,244
1389,5472.53,244
1390,5473.58,244
1391,5474.63,244
1392,5475.68,244
1393,5476.72,244
1394,5477.77,244
1395,5478.82,244
1396,5479.87,244
1397,5480.92,244
1398,5481.97,244
1399,5483.02,244
1400,5484.07,244
1401,5485.12,244
1402,5486.18,244
1403,5487.23,244
1404,5488.28,244
1405,5489.33,244
1406,5490.38,244
1407,5491.43,244
1408,5492.48,244
1409,5493.52,244
1410,5494.57,228
1411,5495.62,244
1412,5496.67,244
1413,5497.71,244
1414,5498.76,244
1415,5499.81,244
1416,5500.86,244
1417,5501.90,244
1418,5502.95,244
1419,5504.01,244
1420,5505.06,244
1421,5506.11,244
1422,5507.15,244
1423,5508.20,244
1424,5509.25,244
1425,5510.30,240
1426,5511.35,244
1427,5512.40,244
1428,5513.45,244
1429,5514.49,20
1430,5515.55,244
1431,5516.60,244
1432,5517.64,244
1433,5518.69,244
1434,5519.74,232
1435,5520.79,244
1436,5521.83,244
1437,5522.88,244
1438,5523.93,244
1439,5524.99,244
1440,5526.03,244
1441,5527.08,244
1442,5528.13,244
1443,5529.18,244
1444,5530.23,244
1445,5531.27,244
1446,5532.32,244
1447,5533.37,244
1448,5534.42,244
1449,5535.48,244
1450,5536.53,244
1451,5537.57,244
1452,5538.62,244
1453,5539.67,244
1454,5540.72,244
1455,5541.76,244
1456,5542.81,244
1457,5543.86,244
1458,5544.91,20
1459,5545.95,244
1460,5547.01,244
1461,5548.06,244
1462,5549.11,244
1463,5550.15,228
1464,5551.20,244
1465,5552.25,244
1466,5553.30,244
1467,5554.35,244
1468,5555.45,244
1469,5556.49,244
1470,5557.54,244
1471,5558.59,244
1472,5559.64,244
1473,5560.69,244
1474,5561.73,244
1475,5562.78,244
1476,5563.83,244
1477,5564.88,244
1478,5565.93,244
1479,5566.98,244
1480,5568.03,244
1481,5569.08,244
1482,5570.13,244
1483,5571.17,244
1484,5572.22,244
1485,5573.27,244
1486,5574.32,244
1487,5575.36,20
1488,5576.41,244
1489,5577.46,244
1490,5578.51,244
1491,5579.56,244
1492,5580.60,224
1493,5581.65,236
1494,5582.70,256
1495,5583.75,256
1496,5584.80,256
1497,5585.85,236
1498,5586.90,244
1499,5587.96,244
1500,5589.02,244
1501,5590.06,244
1502,5591.11,244
1503,5592.16,244
1504,5593.21,244
1505,5594.25,244
1506,5595.30,244
1507,5596.35,256
1508,5597.40,256
1509,5598.45,256
1510,5599.50,256
1511,5600.54,256
1512,5601.59,256
1513,5602.64,256
1514,5603.69,256
1515,5604.73,256
1516,5605.78,256
1517,5606.83,256
1518,5607.88,256
1519,5608.93,256
1520,5609.98,256
1521,5611.03,0
1522,5612.08,244
1523,5613.13,244
1524,5614.18,244
1525,5615.23,244
1526,5616.28,216
1527,5617.33,244
1528,5618.37,244
1529,5619.42,244
1530,5620.47,244
1531,5621.52,244
1532,5622.57,244
1533,5623.61,244
1534,5624.66,244
1535,5625.71,244
1536,5626.76,244
1537,5627.81,244
1538,5628.85,244
1539,5629.90,244
1540,5630.95,244
1541,5632.01,244
1542,5633.05,244
1543,5634.12,244
1544,5635.16,244
1545,5636.21,244
1546,5637.26,244
1547,5638.31,244
1548,5639.35,244
1549,5640.40,244
1550,5641.45,216
1551,5642.50,244
1552,5643.55,244
1553,5644.59,244
1554,5645.64,244
1555,5646.69,236
1556,5647.73,244
1557,5648.78,244
1558,5649.83,244
1559,5650.88,244
1560,5651.93,236
1561,5652.99,244
1562,5654.03,244
1563,5655.08,244
1564,5656.13,244
1565,5657.18,244
1566,5658.22,244
1567,5659.28,244
1568,5660.33,244
1569,5661.38,244
1570,5662.43,244
1571,5663.47,244
1572,5664.52,244
1573,5665.57,244
1574,5666.62,244
1575,5667.66,244
1576,5668.71,244
1577,5669.76,244
1578,5670.80,244
1579,5671.86,4
1580,5672.91,244
1581,5673.95,244
1582,5675.01,244
1583,5676.06,244
1584,5677.11,216
1585,5678.16,244
1586,5679.21,244
1587,5680.25,244
1588,5681.30,244
1589,5682.35,244
1590,5683.40,244
1591,5684.45,244
1592,5685.50,244
1593,5686.55,244
1594,5687.59,244
1595,5688.64,244
1596,5689.69,244
1597,5690.74,244
1598,5691.79,244
1599,5692.83,244
1600,5693.88,244
1601,5694.93,244
1602,5695.99,244
1603,5697.04,244
1604,5698.09,244
1605,5699.13,244
1606,5700.18,244
1607,5701.23,244
1608,5702.28,216
1609,5703.33,244
1610,5704.37,244
1611,5705.42,244
1612,5706.47,244
1613,5707.52,244
1614,5708.56,244
1615,5709.62,244
1616,5710.67,244
1617,5711.71,244
1618,5712.76,244
1619,5713.81,244
1620,5714.86,244
1621,5715.91,244
1622,5716.97,244
1623,5718.03,244
1624,5719.07,244
1625,5720.12,244
1626,5721.17,244
1627,5722.22,244
1628,5723.26,244
1629,5724.31,244
1630,5725.36,244
1631,5726.41,244
1632,5727.46,224
1633,5728.51,244
1634,5729.56,244
1635,5730.60,244
1636,5731.66,244
1637,5732.76,244
1638,5733.80,244
1639,5734.85,244
1640,5735.90,244
1641,5736.95,244
1642,5738.01,244
1643,5739.05,244
1644,5740.10,244
1645,5741.15,244
1646,5742.20,244
1647,5743.24,256
1648,5744.29,256
1649,5745.34,256
1650,5746.39,256
1651,5747.44,256
1652,5748.49,260
1653,5749.54,260
1654,5750.58,260
1655,5751.63,260
1656,5752.68,260
1657,5753.73,260
1658,5754.77,260
1659,5755.82,260
1660,5756.87,260
1661,5757.94,56
1662,5759.00,260
1663,5760.05,260
1664,5761.10,260
1665,5762.14,260
1666,5763.19,232
1667,5764.24,260
1668,5765.29,260
1669,5766.34,260
1670,5767.38,260
1671,5768.43,236
1672,5769.48,260
1673,5770.53,260
1674,5771.58,260
1675,5772.62,260
1676,5773.67,252
1677,5774.72,256
1678,5775.77,260
1679,5776.81,260
1680,5777.86,260
1681,5778.91,260
1682,5779.96,260
1683,5781.01,260
1684,5782.07,260
1685,5783.12,260
1686,5784.17,244
1687,5785.22,244
1688,5786.26,244
1689,5787.31,244
1690,5788.36,244
1691,5789.41,236
1692,5790.46,256
1693,5791.51,256
1694,5792.55,256
1695,5793.60,4
1696,5794.65,244
1697,5795.70,244
1698,5796.74,244
1699,5797.79,244
1700,5798.84,232
1701,5799.89,244
1702,5800.93,244
1703,5801.98,244
1704,5803.03,244
1705,5804.08,240
1706,5805.13,244
1707,5806.18,244
1708,5807.24,244
1709,5808.29,244
1710,5809.33,244
1711,5810.38,244
1712,5811.43,244
1713,5812.48,244
1714,5813.52,244
1715,5814.57,244
1716,5815.62,244
1717,5816.67,244
1718,5817.72,244
1719,5818.77,244
1720,5819.81,244
1721,5820.86,244
1722,5821.91,244
1723,5822.96,244
1724,5824.01,20
1725,5825.07,244
1726,5826.12,244
1727,5827.16,244
1728,5828.21,244
1729,5829.26,236
1730,5830.31,244
1731,5831.36,244
1732,5832.41,244
1733,5833.46,244
1734,5834.51,244
1735,5835.55,244
1736,5836.60,244
1737,5837.65,244
1738,5838.70,244
1739,5839.75,244
1740,5840.80,244
1741,5841.84,244
1742,5842.89,244
1743,5843.95,244
1744,5845.01,244
1745,5846.06,244
1746,5847.11,244
1747,5848.16,244
1748,5849.20,244
1749,5850.25,244
1750,5851.30,244
1751,5852.35,244
1752,5853.40,244
1753,5854.44,216
1754,5855.49,244
1755,5856.55,244
1756,5857.60,244
1757,5858.64,244
1758,5859.69,216
1759,5860.74,244
1760,5861.79,244
1761,5862.84,244
1762,5863.88,244
1763,5864.93,244
1764,5865.98,244
1765,5867.04,244
1766,5868.09,244
1767,5869.13,244
1768,5870.18,244
1769,5871.23,244
1770,5872.28,244
1771,5873.32,244
1772,5874.37,244
1773,5875.42,256
1774,5876.47,256
1775,5877.52,256
1776,5878.57,256
1777,5879.62,256
1778,5880.67,244
1779,5881.73,244
1780,5882.78,244
1781,5883.83,244
1782,5884.88,8
1783,5885.94,244
1784,5886.98,244
1785,5888.04,244
1786,5889.09,244
1787,5890.14,240
1788,5891.19,244
1789,5892.23,244
1790,5893.28,244
1791,5894.33,244
1792,5895.38,244
1793,5896.43,244
1794,5897.48,244
1795,5898.52,244
1796,5899.57,244
1797,5900.62,244
1798,5901.67,244
1799,5902.72,244
1800,5903.76,244
1801,5904.81,244
1802,5905.86,244
1803,5906.91,244
1804,5907.96,244
1805,5909.01,244
1806,5910.07,20
1807,5911.12,244
1808,5912.17,244
1809,5913.22,244
1810,5914.26,244
1811,5915.31,232
1812,5916.36,244
1813,5917.41,244
1814,5918.46,244
1815,5919.50,244
1816,5920.55,216
1817,5921.60,244
1818,5922.65,244
1819,5923.69,244
1820,5924.74,244
1821,5925.79,244
1822,5926.83,244
1823,5927.88,244
1824,5928.93,244
1825,5929.98,244
1826,5931.04,244
1827,5932.09,244
1828,5933.14,244
1829,5934.19,244
1830,5935.23,244
1831,5936.28,244
1832,5937.33,244
1833,5938.38,244
1834,5939.43,244
1835,5940.47,228
1836,5941.52,244
1837,5942.57,244
1838,5943.62,244
1839,5944.67,244
1840,5945.72,216
1841,5946.76,244
1842,5947.81,244
1843,5948.86,244
1844,5949.91,244
1845,5950.95,244
1846,5952.00,244
1847,5953.05,244
1848,5954.10,244
1849,5955.15,244
1850,5956.20,244
1851,5957.25,244
1852,5958.30,244
1853,5959.34,244
1854,5960.39,244
1855,5961.44,244
1856,5962.49,244
1857,5963.53,244
1858,5964.58,244
1859,5965.63,244
1860,5966.68,256
1861,5967.73,256
1862,5968.77,256
1863,5969.82,256
1864,5970.87,4
1865,5971.92,256
1866,5972.99,256
1867,5974.04,256
1868,5975.09,256
1869,5976.14,228
1870,5977.18,256
1871,5978.23,256
1872,5979.28,256
1873,5980.32,256
1874,5981.38,228
1875,5982.43,256
1876,5983.47,256
1877,5984.52,256
1878,5985.57,256
1879,5986.61,244
1880,5987.66,244
1881,5988.71,244
1882,5989.76,244
1883,5990.80,244
1884,5991.85,244
1885,5992.90,244
1886,5993.95,244
1887,5995.00,244
1888,5996.05,244
1889,5997.10,244
1890,5998.14,244
1891,5999.19,244
1892,6000.24,244
1893,6001.29,20
1894,6002.33,244
1895,6003.38,244
1896,6004.43,244
1897,6005.48,244
1898,6006.53,232
1899,6007.58,244
1900,6008.63,244
1901,6009.68,244
1902,6010.72,244
1903,6011.77,244
1904,6012.82,244
1905,6013.86,244
1906,6014.91,244
1907,6015.96,244
1908,6017.02,244
1909,6018.06,244
1910,6019.11,244
1911,6020.16,244
1912,6021.21,244
1913,6022.26,236
1914,6023.31,256
1915,6024.35,256
1916,6025.40,256
1917,6026.45,256
1918,6027.51,244
1919,6028.55,244
1920,6029.60,244
1921,6030.65,244
1922,6031.72,228
1923,6032.81,244
1924,6033.86,244
1925,6034.91,244
1926,6035.95,244
1927,6037.01,228
1928,6038.05,256
1929,6039.10,256
1930,6040.15,256
1931,6041.20,256
1932,6042.25,244
1933,6043.29,244
1934,6044.34,244
1935,6045.39,244
1936,6046.43,244
1937,6047.48,256
1938,6048.53,256
1939,6049.58,256
1940,6050.62,256
1941,6051.67,256
1942,6052.72,256
1943,6053.76,256
1944,6054.82,256
1945,6055.87,256
1946,6056.92,256
1947,6057.97,244
1948,6059.03,244
1949,6060.08,244
1950,6061.12,244
1951,6062.17,216
1952,6063.22,244
1953,6064.27,244
1954,6065.32,244
1955,6066.36,244
1956,6067.41,244
1957,6068.46,244
1958,6069.51,244
1959,6070.56,244
1960,6071.61,244
1961,6072.65,244
1962,6073.70,244
1963,6074.75,244
1964,6075.80,244
1965,6076.84,244
1966,6077.89,244
1967,6078.94,244
1968,6080.00,244
1969,6081.05,244
1970,6082.10,244
1971,6083.15,244
1972,6084.20,244
1973,6085.25,244
1974,6086.29,244
1975,6087.34,4
